,customer_id,store_id,first_name,last_name,email,address_id,activebool,create_date,last_update,active
0,1,1,Mary,Smith-Smith,mary.smith@sakilacustomer.org,,True,2006-02-14,2023-06-07 09:38:49.304305,1
1,526,2,Karl,Seal,karl.seal@sakilacustomer.org,532.0,True,2006-02-14,2022-09-28 10:21:51.262503,1
2,2,1,Patricia,Johnson,patricia.johnson@sakilacustomer.org,,True,2006-02-14,2023-01-12 10:22:31.328143,1
3,37,1,Pamela,Baker,pamela.baker@sakilacustomer.org,,True,2006-02-14,2023-01-12 10:22:31.328143,1
4,3,1,Linda,Williams,linda.williams@sakilacustomer.org,7.0,True,2006-02-14,2022-09-28 10:21:51.262503,1
5,4,2,Barbara,Jones,barbara.jones@sakilacustomer.org,8.0,True,2006-02-14,2022-09-28 10:21:51.262503,1
6,5,1,Elizabeth,Brown,elizabeth.brown@sakilacustomer.org,9.0,True,2006-02-14,2022-09-28 10:21:51.262503,1
7,6,2,Jennifer,Davis,jennifer.davis@sakilacustomer.org,10.0,True,2006-02-14,2022-09-28 10:21:51.262503,1
8,7,1,Maria,Miller,maria.miller@sakilacustomer.org,11.0,True,2006-02-14,2022-09-28 10:21:51.262503,1
9,8,2,Susan,Wilson,susan.wilson@sakilacustomer.org,12.0,True,2006-02-14,2022-09-28 10:21:51.262503,1
10,9,2,Margaret,Moore,margaret.moore@sakilacustomer.org,13.0,True,2006-02-14,2022-09-28 10:21:51.262503,1
11,10,1,Dorothy,Taylor,dorothy.taylor@sakilacustomer.org,14.0,True,2006-02-14,2022-09-28 10:21:51.262503,1
12,11,2,Lisa,Anderson,lisa.anderson@sakilacustomer.org,15.0,True,2006-02-14,2022-09-28 10:21:51.262503,1
13,12,1,Nancy,Thomas,nancy.thomas@sakilacustomer.org,16.0,True,2006-02-14,2022-09-28 10:21:51.262503,1
14,13,2,Karen,Jackson,karen.jackson@sakilacustomer.org,17.0,True,2006-02-14,2022-09-28 10:21:51.262503,1
15,14,2,Betty,White,betty.white@sakilacustomer.org,18.0,True,2006-02-14,2022-09-28 10:21:51.262503,1
16,15,1,Helen,Harris,helen.harris@sakilacustomer.org,19.0,True,2006-02-14,2022-09-28 10:21:51.262503,1
17,16,2,Sandra,Martin,sandra.martin@sakilacustomer.org,20.0,True,2006-02-14,2022-09-28 10:21:51.262503,0
18,17,1,Donna,Thompson,donna.thompson@sakilacustomer.org,21.0,True,2006-02-14,2022-09-28 10:21:51.262503,1
19,18,2,Carol,Garcia,carol.garcia@sakilacustomer.org,22.0,True,2006-02-14,2022-09-28 10:21:51.262503,1
20,19,1,Ruth,Martinez,ruth.martinez@sakilacustomer.org,23.0,True,2006-02-14,2022-09-28 10:21:51.262503,1
21,20,2,Sharon,Robinson,sharon.robinson@sakilacustomer.org,24.0,True,2006-02-14,2022-09-28 10:21:51.262503,1
22,21,1,Michelle,Clark,michelle.clark@sakilacustomer.org,25.0,True,2006-02-14,2022-09-28 10:21:51.262503,1
23,22,1,Laura,Rodriguez,laura.rodriguez@sakilacustomer.org,26.0,True,2006-02-14,2022-09-28 10:21:51.262503,1
24,23,2,Sarah,Lewis,sarah.lewis@sakilacustomer.org,27.0,True,2006-02-14,2022-09-28 10:21:51.262503,1
25,24,2,Kimberly,Lee,kimberly.lee@sakilacustomer.org,28.0,True,2006-02-14,2022-09-28 10:21:51.262503,1
26,25,1,Deborah,Walker,deborah.walker@sakilacustomer.org,29.0,True,2006-02-14,2022-09-28 10:21:51.262503,1
27,26,2,Jessica,Hall,jessica.hall@sakilacustomer.org,30.0,True,2006-02-14,2022-09-28 10:21:51.262503,1
28,27,2,Shirley,Allen,shirley.allen@sakilacustomer.org,31.0,True,2006-02-14,2022-09-28 10:21:51.262503,1
29,28,1,Cynthia,Young,cynthia.young@sakilacustomer.org,32.0,True,2006-02-14,2022-09-28 10:21:51.262503,1
30,29,2,Angela,Hernandez,angela.hernandez@sakilacustomer.org,33.0,True,2006-02-14,2022-09-28 10:21:51.262503,1
31,30,1,Melissa,King,melissa.king@sakilacustomer.org,34.0,True,2006-02-14,2022-09-28 10:21:51.262503,1
32,31,2,Brenda,Wright,brenda.wright@sakilacustomer.org,35.0,True,2006-02-14,2022-09-28 10:21:51.262503,1
33,32,1,Amy,Lopez,amy.lopez@sakilacustomer.org,36.0,True,2006-02-14,2022-09-28 10:21:51.262503,1
34,33,2,Anna,Hill,anna.hill@sakilacustomer.org,37.0,True,2006-02-14,2022-09-28 10:21:51.262503,1
35,34,2,Rebecca,Scott,rebecca.scott@sakilacustomer.org,38.0,True,2006-02-14,2022-09-28 10:21:51.262503,1
36,35,2,Virginia,Green,virginia.green@sakilacustomer.org,39.0,True,2006-02-14,2022-09-28 10:21:51.262503,1
37,36,2,Kathleen,Adams,kathleen.adams@sakilacustomer.org,40.0,True,2006-02-14,2022-09-28 10:21:51.262503,1
38,38,1,Martha,Gonzalez,martha.gonzalez@sakilacustomer.org,42.0,True,2006-02-14,2022-09-28 10:21:51.262503,1
39,39,1,Debra,Nelson,debra.nelson@sakilacustomer.org,43.0,True,2006-02-14,2022-09-28 10:21:51.262503,1
40,40,2,Amanda,Carter,amanda.carter@sakilacustomer.org,44.0,True,2006-02-14,2022-09-28 10:21:51.262503,1
41,41,1,Stephanie,Mitchell,stephanie.mitchell@sakilacustomer.org,45.0,True,2006-02-14,2022-09-28 10:21:51.262503,1
42,42,2,Carolyn,Perez,carolyn.perez@sakilacustomer.org,46.0,True,2006-02-14,2022-09-28 10:21:51.262503,1
43,43,2,Christine,Roberts,christine.roberts@sakilacustomer.org,47.0,True,2006-02-14,2022-09-28 10:21:51.262503,1
44,44,1,Marie,Turner,marie.turner@sakilacustomer.org,48.0,True,2006-02-14,2022-09-28 10:21:51.262503,1
45,45,1,Janet,Phillips,janet.phillips@sakilacustomer.org,49.0,True,2006-02-14,2022-09-28 10:21:51.262503,1
46,46,2,Catherine,Campbell,catherine.campbell@sakilacustomer.org,50.0,True,2006-02-14,2022-09-28 10:21:51.262503,1
47,47,1,Frances,Parker,frances.parker@sakilacustomer.org,51.0,True,2006-02-14,2022-09-28 10:21:51.262503,1
48,48,1,Ann,Evans,ann.evans@sakilacustomer.org,52.0,True,2006-02-14,2022-09-28 10:21:51.262503,1
49,49,2,Joyce,Edwards,joyce.edwards@sakilacustomer.org,53.0,True,2006-02-14,2022-09-28 10:21:51.262503,1
50,50,1,Diane,Collins,diane.collins@sakilacustomer.org,54.0,True,2006-02-14,2022-09-28 10:21:51.262503,1
51,51,1,Alice,Stewart,alice.stewart@sakilacustomer.org,55.0,True,2006-02-14,2022-09-28 10:21:51.262503,1
52,52,1,Julie,Sanchez,julie.sanchez@sakilacustomer.org,56.0,True,2006-02-14,2022-09-28 10:21:51.262503,1
53,53,1,Heather,Morris,heather.morris@sakilacustomer.org,57.0,True,2006-02-14,2022-09-28 10:21:51.262503,1
54,54,1,Teresa,Rogers,teresa.rogers@sakilacustomer.org,58.0,True,2006-02-14,2022-09-28 10:21:51.262503,1
55,55,2,Doris,Reed,doris.reed@sakilacustomer.org,59.0,True,2006-02-14,2022-09-28 10:21:51.262503,1
56,56,1,Gloria,Cook,gloria.cook@sakilacustomer.org,60.0,True,2006-02-14,2022-09-28 10:21:51.262503,1
57,57,2,Evelyn,Morgan,evelyn.morgan@sakilacustomer.org,61.0,True,2006-02-14,2022-09-28 10:21:51.262503,1
58,58,1,Jean,Bell,jean.bell@sakilacustomer.org,62.0,True,2006-02-14,2022-09-28 10:21:51.262503,1
59,59,1,Cheryl,Murphy,cheryl.murphy@sakilacustomer.org,63.0,True,2006-02-14,2022-09-28 10:21:51.262503,1
60,60,1,Mildred,Bailey,mildred.bailey@sakilacustomer.org,64.0,True,2006-02-14,2022-09-28 10:21:51.262503,1
61,61,2,Katherine,Rivera,katherine.rivera@sakilacustomer.org,65.0,True,2006-02-14,2022-09-28 10:21:51.262503,1
62,62,1,Joan,Cooper,joan.cooper@sakilacustomer.org,66.0,True,2006-02-14,2022-09-28 10:21:51.262503,1
63,63,1,Ashley,Richardson,ashley.richardson@sakilacustomer.org,67.0,True,2006-02-14,2022-09-28 10:21:51.262503,1
64,64,2,Judith,Cox,judith.cox@sakilacustomer.org,68.0,True,2006-02-14,2022-09-28 10:21:51.262503,0
65,65,2,Rose,Howard,rose.howard@sakilacustomer.org,69.0,True,2006-02-14,2022-09-28 10:21:51.262503,1
66,66,2,Janice,Ward,janice.ward@sakilacustomer.org,70.0,True,2006-02-14,2022-09-28 10:21:51.262503,1
67,67,1,Kelly,Torres,kelly.torres@sakilacustomer.org,71.0,True,2006-02-14,2022-09-28 10:21:51.262503,1
68,68,1,Nicole,Peterson,nicole.peterson@sakilacustomer.org,72.0,True,2006-02-14,2022-09-28 10:21:51.262503,1
69,69,2,Judy,Gray,judy.gray@sakilacustomer.org,73.0,True,2006-02-14,2022-09-28 10:21:51.262503,1
70,70,2,Christina,Ramirez,christina.ramirez@sakilacustomer.org,74.0,True,2006-02-14,2022-09-28 10:21:51.262503,1
71,71,1,Kathy,James,kathy.james@sakilacustomer.org,75.0,True,2006-02-14,2022-09-28 10:21:51.262503,1
72,72,2,Theresa,Watson,theresa.watson@sakilacustomer.org,76.0,True,2006-02-14,2022-09-28 10:21:51.262503,1
73,73,2,Beverly,Brooks,beverly.brooks@sakilacustomer.org,77.0,True,2006-02-14,2022-09-28 10:21:51.262503,1
74,74,1,Denise,Kelly,denise.kelly@sakilacustomer.org,78.0,True,2006-02-14,2022-09-28 10:21:51.262503,1
75,75,2,Tammy,Sanders,tammy.sanders@sakilacustomer.org,79.0,True,2006-02-14,2022-09-28 10:21:51.262503,1
76,76,2,Irene,Price,irene.price@sakilacustomer.org,80.0,True,2006-02-14,2022-09-28 10:21:51.262503,1
77,77,2,Jane,Bennett,jane.bennett@sakilacustomer.org,81.0,True,2006-02-14,2022-09-28 10:21:51.262503,1
78,78,1,Lori,Wood,lori.wood@sakilacustomer.org,82.0,True,2006-02-14,2022-09-28 10:21:51.262503,1
79,79,1,Rachel,Barnes,rachel.barnes@sakilacustomer.org,83.0,True,2006-02-14,2022-09-28 10:21:51.262503,1
80,80,1,Marilyn,Ross,marilyn.ross@sakilacustomer.org,84.0,True,2006-02-14,2022-09-28 10:21:51.262503,1
81,81,1,Andrea,Henderson,andrea.henderson@sakilacustomer.org,85.0,True,2006-02-14,2022-09-28 10:21:51.262503,1
82,82,1,Kathryn,Coleman,kathryn.coleman@sakilacustomer.org,86.0,True,2006-02-14,2022-09-28 10:21:51.262503,1
83,83,1,Louise,Jenkins,louise.jenkins@sakilacustomer.org,87.0,True,2006-02-14,2022-09-28 10:21:51.262503,1
84,84,2,Sara,Perry,sara.perry@sakilacustomer.org,88.0,True,2006-02-14,2022-09-28 10:21:51.262503,1
85,85,2,Anne,Powell,anne.powell@sakilacustomer.org,89.0,True,2006-02-14,2022-09-28 10:21:51.262503,1
86,86,2,Jacqueline,Long,jacqueline.long@sakilacustomer.org,90.0,True,2006-02-14,2022-09-28 10:21:51.262503,1
87,87,1,Wanda,Patterson,wanda.patterson@sakilacustomer.org,91.0,True,2006-02-14,2022-09-28 10:21:51.262503,1
88,88,2,Bonnie,Hughes,bonnie.hughes@sakilacustomer.org,92.0,True,2006-02-14,2022-09-28 10:21:51.262503,1
89,89,1,Julia,Flores,julia.flores@sakilacustomer.org,93.0,True,2006-02-14,2022-09-28 10:21:51.262503,1
90,90,2,Ruby,Washington,ruby.washington@sakilacustomer.org,94.0,True,2006-02-14,2022-09-28 10:21:51.262503,1
91,91,2,Lois,Butler,lois.butler@sakilacustomer.org,95.0,True,2006-02-14,2022-09-28 10:21:51.262503,1
92,92,2,Tina,Simmons,tina.simmons@sakilacustomer.org,96.0,True,2006-02-14,2022-09-28 10:21:51.262503,1
93,93,1,Phyllis,Foster,phyllis.foster@sakilacustomer.org,97.0,True,2006-02-14,2022-09-28 10:21:51.262503,1
94,94,1,Norma,Gonzales,norma.gonzales@sakilacustomer.org,98.0,True,2006-02-14,2022-09-28 10:21:51.262503,1
95,95,2,Paula,Bryant,paula.bryant@sakilacustomer.org,99.0,True,2006-02-14,2022-09-28 10:21:51.262503,1
96,96,1,Diana,Alexander,diana.alexander@sakilacustomer.org,100.0,True,2006-02-14,2022-09-28 10:21:51.262503,1
97,97,2,Annie,Russell,annie.russell@sakilacustomer.org,101.0,True,2006-02-14,2022-09-28 10:21:51.262503,1
98,98,1,Lillian,Griffin,lillian.griffin@sakilacustomer.org,102.0,True,2006-02-14,2022-09-28 10:21:51.262503,1
99,99,2,Emily,Diaz,emily.diaz@sakilacustomer.org,103.0,True,2006-02-14,2022-09-28 10:21:51.262503,1
100,100,1,Robin,Hayes,robin.hayes@sakilacustomer.org,104.0,True,2006-02-14,2022-09-28 10:21:51.262503,1
101,101,1,Peggy,Myers,peggy.myers@sakilacustomer.org,105.0,True,2006-02-14,2022-09-28 10:21:51.262503,1
102,102,1,Crystal,Ford,crystal.ford@sakilacustomer.org,106.0,True,2006-02-14,2022-09-28 10:21:51.262503,1
103,103,1,Gladys,Hamilton,gladys.hamilton@sakilacustomer.org,107.0,True,2006-02-14,2022-09-28 10:21:51.262503,1
104,104,1,Rita,Graham,rita.graham@sakilacustomer.org,108.0,True,2006-02-14,2022-09-28 10:21:51.262503,1
105,105,1,Dawn,Sullivan,dawn.sullivan@sakilacustomer.org,109.0,True,2006-02-14,2022-09-28 10:21:51.262503,1
106,106,1,Connie,Wallace,connie.wallace@sakilacustomer.org,110.0,True,2006-02-14,2022-09-28 10:21:51.262503,1
107,107,1,Florence,Woods,florence.woods@sakilacustomer.org,111.0,True,2006-02-14,2022-09-28 10:21:51.262503,1
108,108,1,Tracy,Cole,tracy.cole@sakilacustomer.org,112.0,True,2006-02-14,2022-09-28 10:21:51.262503,1
109,109,2,Edna,West,edna.west@sakilacustomer.org,113.0,True,2006-02-14,2022-09-28 10:21:51.262503,1
110,110,2,Tiffany,Jordan,tiffany.jordan@sakilacustomer.org,114.0,True,2006-02-14,2022-09-28 10:21:51.262503,1
111,111,1,Carmen,Owens,carmen.owens@sakilacustomer.org,115.0,True,2006-02-14,2022-09-28 10:21:51.262503,1
112,112,2,Rosa,Reynolds,rosa.reynolds@sakilacustomer.org,116.0,True,2006-02-14,2022-09-28 10:21:51.262503,1
113,113,2,Cindy,Fisher,cindy.fisher@sakilacustomer.org,117.0,True,2006-02-14,2022-09-28 10:21:51.262503,1
114,114,2,Grace,Ellis,grace.ellis@sakilacustomer.org,118.0,True,2006-02-14,2022-09-28 10:21:51.262503,1
115,115,1,Wendy,Harrison,wendy.harrison@sakilacustomer.org,119.0,True,2006-02-14,2022-09-28 10:21:51.262503,1
116,116,1,Victoria,Gibson,victoria.gibson@sakilacustomer.org,120.0,True,2006-02-14,2022-09-28 10:21:51.262503,1
117,117,1,Edith,Mcdonald,edith.mcdonald@sakilacustomer.org,121.0,True,2006-02-14,2022-09-28 10:21:51.262503,1
118,118,1,Kim,Cruz,kim.cruz@sakilacustomer.org,122.0,True,2006-02-14,2022-09-28 10:21:51.262503,1
119,119,1,Sherry,Marshall,sherry.marshall@sakilacustomer.org,123.0,True,2006-02-14,2022-09-28 10:21:51.262503,1
120,120,2,Sylvia,Ortiz,sylvia.ortiz@sakilacustomer.org,124.0,True,2006-02-14,2022-09-28 10:21:51.262503,1
121,121,1,Josephine,Gomez,josephine.gomez@sakilacustomer.org,125.0,True,2006-02-14,2022-09-28 10:21:51.262503,1
122,122,1,Thelma,Murray,thelma.murray@sakilacustomer.org,126.0,True,2006-02-14,2022-09-28 10:21:51.262503,1
123,123,2,Shannon,Freeman,shannon.freeman@sakilacustomer.org,127.0,True,2006-02-14,2022-09-28 10:21:51.262503,1
124,124,1,Sheila,Wells,sheila.wells@sakilacustomer.org,128.0,True,2006-02-14,2022-09-28 10:21:51.262503,0
125,125,1,Ethel,Webb,ethel.webb@sakilacustomer.org,129.0,True,2006-02-14,2022-09-28 10:21:51.262503,1
126,126,1,Ellen,Simpson,ellen.simpson@sakilacustomer.org,130.0,True,2006-02-14,2022-09-28 10:21:51.262503,1
127,127,2,Elaine,Stevens,elaine.stevens@sakilacustomer.org,131.0,True,2006-02-14,2022-09-28 10:21:51.262503,1
128,128,1,Marjorie,Tucker,marjorie.tucker@sakilacustomer.org,132.0,True,2006-02-14,2022-09-28 10:21:51.262503,1
129,129,1,Carrie,Porter,carrie.porter@sakilacustomer.org,133.0,True,2006-02-14,2022-09-28 10:21:51.262503,1
130,130,1,Charlotte,Hunter,charlotte.hunter@sakilacustomer.org,134.0,True,2006-02-14,2022-09-28 10:21:51.262503,1
131,131,2,Monica,Hicks,monica.hicks@sakilacustomer.org,135.0,True,2006-02-14,2022-09-28 10:21:51.262503,1
132,132,2,Esther,Crawford,esther.crawford@sakilacustomer.org,136.0,True,2006-02-14,2022-09-28 10:21:51.262503,1
133,133,1,Pauline,Henry,pauline.henry@sakilacustomer.org,137.0,True,2006-02-14,2022-09-28 10:21:51.262503,1
134,134,1,Emma,Boyd,emma.boyd@sakilacustomer.org,138.0,True,2006-02-14,2022-09-28 10:21:51.262503,1
135,135,2,Juanita,Mason,juanita.mason@sakilacustomer.org,139.0,True,2006-02-14,2022-09-28 10:21:51.262503,1
136,136,2,Anita,Morales,anita.morales@sakilacustomer.org,140.0,True,2006-02-14,2022-09-28 10:21:51.262503,1
137,137,2,Rhonda,Kennedy,rhonda.kennedy@sakilacustomer.org,141.0,True,2006-02-14,2022-09-28 10:21:51.262503,1
138,138,1,Hazel,Warren,hazel.warren@sakilacustomer.org,142.0,True,2006-02-14,2022-09-28 10:21:51.262503,1
139,139,1,Amber,Dixon,amber.dixon@sakilacustomer.org,143.0,True,2006-02-14,2022-09-28 10:21:51.262503,1
140,140,1,Eva,Ramos,eva.ramos@sakilacustomer.org,144.0,True,2006-02-14,2022-09-28 10:21:51.262503,1
141,141,1,Debbie,Reyes,debbie.reyes@sakilacustomer.org,145.0,True,2006-02-14,2022-09-28 10:21:51.262503,1
142,142,1,April,Burns,april.burns@sakilacustomer.org,146.0,True,2006-02-14,2022-09-28 10:21:51.262503,1
143,143,1,Leslie,Gordon,leslie.gordon@sakilacustomer.org,147.0,True,2006-02-14,2022-09-28 10:21:51.262503,1
144,144,1,Clara,Shaw,clara.shaw@sakilacustomer.org,148.0,True,2006-02-14,2022-09-28 10:21:51.262503,1
145,145,1,Lucille,Holmes,lucille.holmes@sakilacustomer.org,149.0,True,2006-02-14,2022-09-28 10:21:51.262503,1
146,146,1,Jamie,Rice,jamie.rice@sakilacustomer.org,150.0,True,2006-02-14,2022-09-28 10:21:51.262503,1
147,147,2,Joanne,Robertson,joanne.robertson@sakilacustomer.org,151.0,True,2006-02-14,2022-09-28 10:21:51.262503,1
148,148,1,Eleanor,Hunt,eleanor.hunt@sakilacustomer.org,152.0,True,2006-02-14,2022-09-28 10:21:51.262503,1
149,149,1,Valerie,Black,valerie.black@sakilacustomer.org,153.0,True,2006-02-14,2022-09-28 10:21:51.262503,1
150,150,2,Danielle,Daniels,danielle.daniels@sakilacustomer.org,154.0,True,2006-02-14,2022-09-28 10:21:51.262503,1
151,151,2,Megan,Palmer,megan.palmer@sakilacustomer.org,155.0,True,2006-02-14,2022-09-28 10:21:51.262503,1
152,152,1,Alicia,Mills,alicia.mills@sakilacustomer.org,156.0,True,2006-02-14,2022-09-28 10:21:51.262503,1
153,153,2,Suzanne,Nichols,suzanne.nichols@sakilacustomer.org,157.0,True,2006-02-14,2022-09-28 10:21:51.262503,1
154,154,2,Michele,Grant,michele.grant@sakilacustomer.org,158.0,True,2006-02-14,2022-09-28 10:21:51.262503,1
155,155,1,Gail,Knight,gail.knight@sakilacustomer.org,159.0,True,2006-02-14,2022-09-28 10:21:51.262503,1
156,156,1,Bertha,Ferguson,bertha.ferguson@sakilacustomer.org,160.0,True,2006-02-14,2022-09-28 10:21:51.262503,1
157,157,2,Darlene,Rose,darlene.rose@sakilacustomer.org,161.0,True,2006-02-14,2022-09-28 10:21:51.262503,1
158,158,1,Veronica,Stone,veronica.stone@sakilacustomer.org,162.0,True,2006-02-14,2022-09-28 10:21:51.262503,1
159,159,1,Jill,Hawkins,jill.hawkins@sakilacustomer.org,163.0,True,2006-02-14,2022-09-28 10:21:51.262503,1
160,160,2,Erin,Dunn,erin.dunn@sakilacustomer.org,164.0,True,2006-02-14,2022-09-28 10:21:51.262503,1
161,161,1,Geraldine,Perkins,geraldine.perkins@sakilacustomer.org,165.0,True,2006-02-14,2022-09-28 10:21:51.262503,1
162,162,2,Lauren,Hudson,lauren.hudson@sakilacustomer.org,166.0,True,2006-02-14,2022-09-28 10:21:51.262503,1
163,163,1,Cathy,Spencer,cathy.spencer@sakilacustomer.org,167.0,True,2006-02-14,2022-09-28 10:21:51.262503,1
164,164,2,Joann,Gardner,joann.gardner@sakilacustomer.org,168.0,True,2006-02-14,2022-09-28 10:21:51.262503,1
165,165,2,Lorraine,Stephens,lorraine.stephens@sakilacustomer.org,169.0,True,2006-02-14,2022-09-28 10:21:51.262503,1
166,166,1,Lynn,Payne,lynn.payne@sakilacustomer.org,170.0,True,2006-02-14,2022-09-28 10:21:51.262503,1
167,167,2,Sally,Pierce,sally.pierce@sakilacustomer.org,171.0,True,2006-02-14,2022-09-28 10:21:51.262503,1
168,168,1,Regina,Berry,regina.berry@sakilacustomer.org,172.0,True,2006-02-14,2022-09-28 10:21:51.262503,1
169,169,2,Erica,Matthews,erica.matthews@sakilacustomer.org,173.0,True,2006-02-14,2022-09-28 10:21:51.262503,0
170,170,1,Beatrice,Arnold,beatrice.arnold@sakilacustomer.org,174.0,True,2006-02-14,2022-09-28 10:21:51.262503,1
171,171,2,Dolores,Wagner,dolores.wagner@sakilacustomer.org,175.0,True,2006-02-14,2022-09-28 10:21:51.262503,1
172,172,1,Bernice,Willis,bernice.willis@sakilacustomer.org,176.0,True,2006-02-14,2022-09-28 10:21:51.262503,1
173,173,1,Audrey,Ray,audrey.ray@sakilacustomer.org,177.0,True,2006-02-14,2022-09-28 10:21:51.262503,1
174,174,2,Yvonne,Watkins,yvonne.watkins@sakilacustomer.org,178.0,True,2006-02-14,2022-09-28 10:21:51.262503,1
175,175,1,Annette,Olson,annette.olson@sakilacustomer.org,179.0,True,2006-02-14,2022-09-28 10:21:51.262503,1
176,176,1,June,Carroll,june.carroll@sakilacustomer.org,180.0,True,2006-02-14,2022-09-28 10:21:51.262503,1
177,177,2,Samantha,Duncan,samantha.duncan@sakilacustomer.org,181.0,True,2006-02-14,2022-09-28 10:21:51.262503,1
178,178,2,Marion,Snyder,marion.snyder@sakilacustomer.org,182.0,True,2006-02-14,2022-09-28 10:21:51.262503,1
179,179,1,Dana,Hart,dana.hart@sakilacustomer.org,183.0,True,2006-02-14,2022-09-28 10:21:51.262503,1
180,180,2,Stacy,Cunningham,stacy.cunningham@sakilacustomer.org,184.0,True,2006-02-14,2022-09-28 10:21:51.262503,1
181,181,2,Ana,Bradley,ana.bradley@sakilacustomer.org,185.0,True,2006-02-14,2022-09-28 10:21:51.262503,1
182,182,1,Renee,Lane,renee.lane@sakilacustomer.org,186.0,True,2006-02-14,2022-09-28 10:21:51.262503,1
183,183,2,Ida,Andrews,ida.andrews@sakilacustomer.org,187.0,True,2006-02-14,2022-09-28 10:21:51.262503,1
184,184,1,Vivian,Ruiz,vivian.ruiz@sakilacustomer.org,188.0,True,2006-02-14,2022-09-28 10:21:51.262503,1
185,185,1,Roberta,Harper,roberta.harper@sakilacustomer.org,189.0,True,2006-02-14,2022-09-28 10:21:51.262503,1
186,186,2,Holly,Fox,holly.fox@sakilacustomer.org,190.0,True,2006-02-14,2022-09-28 10:21:51.262503,1
187,187,2,Brittany,Riley,brittany.riley@sakilacustomer.org,191.0,True,2006-02-14,2022-09-28 10:21:51.262503,1
188,188,1,Melanie,Armstrong,melanie.armstrong@sakilacustomer.org,192.0,True,2006-02-14,2022-09-28 10:21:51.262503,1
189,189,1,Loretta,Carpenter,loretta.carpenter@sakilacustomer.org,193.0,True,2006-02-14,2022-09-28 10:21:51.262503,1
190,190,2,Yolanda,Weaver,yolanda.weaver@sakilacustomer.org,194.0,True,2006-02-14,2022-09-28 10:21:51.262503,1
191,191,1,Jeanette,Greene,jeanette.greene@sakilacustomer.org,195.0,True,2006-02-14,2022-09-28 10:21:51.262503,1
192,192,1,Laurie,Lawrence,laurie.lawrence@sakilacustomer.org,196.0,True,2006-02-14,2022-09-28 10:21:51.262503,1
193,193,2,Katie,Elliott,katie.elliott@sakilacustomer.org,197.0,True,2006-02-14,2022-09-28 10:21:51.262503,1
194,194,2,Kristen,Chavez,kristen.chavez@sakilacustomer.org,198.0,True,2006-02-14,2022-09-28 10:21:51.262503,1
195,195,1,Vanessa,Sims,vanessa.sims@sakilacustomer.org,199.0,True,2006-02-14,2022-09-28 10:21:51.262503,1
196,196,1,Alma,Austin,alma.austin@sakilacustomer.org,200.0,True,2006-02-14,2022-09-28 10:21:51.262503,1
197,197,2,Sue,Peters,sue.peters@sakilacustomer.org,201.0,True,2006-02-14,2022-09-28 10:21:51.262503,1
198,198,2,Elsie,Kelley,elsie.kelley@sakilacustomer.org,202.0,True,2006-02-14,2022-09-28 10:21:51.262503,1
199,199,2,Beth,Franklin,beth.franklin@sakilacustomer.org,203.0,True,2006-02-14,2022-09-28 10:21:51.262503,1
200,200,2,Jeanne,Lawson,jeanne.lawson@sakilacustomer.org,204.0,True,2006-02-14,2022-09-28 10:21:51.262503,1
201,201,1,Vicki,Fields,vicki.fields@sakilacustomer.org,205.0,True,2006-02-14,2022-09-28 10:21:51.262503,1
202,202,2,Carla,Gutierrez,carla.gutierrez@sakilacustomer.org,206.0,True,2006-02-14,2022-09-28 10:21:51.262503,1
203,203,1,Tara,Ryan,tara.ryan@sakilacustomer.org,207.0,True,2006-02-14,2022-09-28 10:21:51.262503,1
204,204,1,Rosemary,Schmidt,rosemary.schmidt@sakilacustomer.org,208.0,True,2006-02-14,2022-09-28 10:21:51.262503,1
205,205,2,Eileen,Carr,eileen.carr@sakilacustomer.org,209.0,True,2006-02-14,2022-09-28 10:21:51.262503,1
206,206,1,Terri,Vasquez,terri.vasquez@sakilacustomer.org,210.0,True,2006-02-14,2022-09-28 10:21:51.262503,1
207,207,1,Gertrude,Castillo,gertrude.castillo@sakilacustomer.org,211.0,True,2006-02-14,2022-09-28 10:21:51.262503,1
208,208,1,Lucy,Wheeler,lucy.wheeler@sakilacustomer.org,212.0,True,2006-02-14,2022-09-28 10:21:51.262503,1
209,209,2,Tonya,Chapman,tonya.chapman@sakilacustomer.org,213.0,True,2006-02-14,2022-09-28 10:21:51.262503,1
210,210,2,Ella,Oliver,ella.oliver@sakilacustomer.org,214.0,True,2006-02-14,2022-09-28 10:21:51.262503,1
211,211,1,Stacey,Montgomery,stacey.montgomery@sakilacustomer.org,215.0,True,2006-02-14,2022-09-28 10:21:51.262503,1
212,212,2,Wilma,Richards,wilma.richards@sakilacustomer.org,216.0,True,2006-02-14,2022-09-28 10:21:51.262503,1
213,213,1,Gina,Williamson,gina.williamson@sakilacustomer.org,217.0,True,2006-02-14,2022-09-28 10:21:51.262503,1
214,214,1,Kristin,Johnston,kristin.johnston@sakilacustomer.org,218.0,True,2006-02-14,2022-09-28 10:21:51.262503,1
215,215,2,Jessie,Banks,jessie.banks@sakilacustomer.org,219.0,True,2006-02-14,2022-09-28 10:21:51.262503,1
216,216,1,Natalie,Meyer,natalie.meyer@sakilacustomer.org,220.0,True,2006-02-14,2022-09-28 10:21:51.262503,1
217,217,2,Agnes,Bishop,agnes.bishop@sakilacustomer.org,221.0,True,2006-02-14,2022-09-28 10:21:51.262503,1
218,218,1,Vera,Mccoy,vera.mccoy@sakilacustomer.org,222.0,True,2006-02-14,2022-09-28 10:21:51.262503,1
219,219,2,Willie,Howell,willie.howell@sakilacustomer.org,223.0,True,2006-02-14,2022-09-28 10:21:51.262503,1
220,220,2,Charlene,Alvarez,charlene.alvarez@sakilacustomer.org,224.0,True,2006-02-14,2022-09-28 10:21:51.262503,1
221,221,1,Bessie,Morrison,bessie.morrison@sakilacustomer.org,225.0,True,2006-02-14,2022-09-28 10:21:51.262503,1
222,222,2,Delores,Hansen,delores.hansen@sakilacustomer.org,226.0,True,2006-02-14,2022-09-28 10:21:51.262503,1
223,223,1,Melinda,Fernandez,melinda.fernandez@sakilacustomer.org,227.0,True,2006-02-14,2022-09-28 10:21:51.262503,1
224,224,2,Pearl,Garza,pearl.garza@sakilacustomer.org,228.0,True,2006-02-14,2022-09-28 10:21:51.262503,1
225,225,1,Arlene,Harvey,arlene.harvey@sakilacustomer.org,229.0,True,2006-02-14,2022-09-28 10:21:51.262503,1
226,226,2,Maureen,Little,maureen.little@sakilacustomer.org,230.0,True,2006-02-14,2022-09-28 10:21:51.262503,1
227,227,1,Colleen,Burton,colleen.burton@sakilacustomer.org,231.0,True,2006-02-14,2022-09-28 10:21:51.262503,1
228,228,2,Allison,Stanley,allison.stanley@sakilacustomer.org,232.0,True,2006-02-14,2022-09-28 10:21:51.262503,1
229,229,1,Tamara,Nguyen,tamara.nguyen@sakilacustomer.org,233.0,True,2006-02-14,2022-09-28 10:21:51.262503,1
230,230,2,Joy,George,joy.george@sakilacustomer.org,234.0,True,2006-02-14,2022-09-28 10:21:51.262503,1
231,231,1,Georgia,Jacobs,georgia.jacobs@sakilacustomer.org,235.0,True,2006-02-14,2022-09-28 10:21:51.262503,1
232,232,2,Constance,Reid,constance.reid@sakilacustomer.org,236.0,True,2006-02-14,2022-09-28 10:21:51.262503,1
233,233,2,Lillie,Kim,lillie.kim@sakilacustomer.org,237.0,True,2006-02-14,2022-09-28 10:21:51.262503,1
234,234,1,Claudia,Fuller,claudia.fuller@sakilacustomer.org,238.0,True,2006-02-14,2022-09-28 10:21:51.262503,1
235,235,1,Jackie,Lynch,jackie.lynch@sakilacustomer.org,239.0,True,2006-02-14,2022-09-28 10:21:51.262503,1
236,236,1,Marcia,Dean,marcia.dean@sakilacustomer.org,240.0,True,2006-02-14,2022-09-28 10:21:51.262503,1
237,237,1,Tanya,Gilbert,tanya.gilbert@sakilacustomer.org,241.0,True,2006-02-14,2022-09-28 10:21:51.262503,1
238,238,1,Nellie,Garrett,nellie.garrett@sakilacustomer.org,242.0,True,2006-02-14,2022-09-28 10:21:51.262503,1
239,239,2,Minnie,Romero,minnie.romero@sakilacustomer.org,243.0,True,2006-02-14,2022-09-28 10:21:51.262503,1
240,240,1,Marlene,Welch,marlene.welch@sakilacustomer.org,244.0,True,2006-02-14,2022-09-28 10:21:51.262503,1
241,241,2,Heidi,Larson,heidi.larson@sakilacustomer.org,245.0,True,2006-02-14,2022-09-28 10:21:51.262503,0
242,242,1,Glenda,Frazier,glenda.frazier@sakilacustomer.org,246.0,True,2006-02-14,2022-09-28 10:21:51.262503,1
243,243,1,Lydia,Burke,lydia.burke@sakilacustomer.org,247.0,True,2006-02-14,2022-09-28 10:21:51.262503,1
244,244,2,Viola,Hanson,viola.hanson@sakilacustomer.org,248.0,True,2006-02-14,2022-09-28 10:21:51.262503,1
245,245,1,Courtney,Day,courtney.day@sakilacustomer.org,249.0,True,2006-02-14,2022-09-28 10:21:51.262503,1
246,246,1,Marian,Mendoza,marian.mendoza@sakilacustomer.org,250.0,True,2006-02-14,2022-09-28 10:21:51.262503,1
247,247,1,Stella,Moreno,stella.moreno@sakilacustomer.org,251.0,True,2006-02-14,2022-09-28 10:21:51.262503,1
248,248,1,Caroline,Bowman,caroline.bowman@sakilacustomer.org,252.0,True,2006-02-14,2022-09-28 10:21:51.262503,1
249,249,2,Dora,Medina,dora.medina@sakilacustomer.org,253.0,True,2006-02-14,2022-09-28 10:21:51.262503,1
250,250,2,Jo,Fowler,jo.fowler@sakilacustomer.org,254.0,True,2006-02-14,2022-09-28 10:21:51.262503,1
251,251,2,Vickie,Brewer,vickie.brewer@sakilacustomer.org,255.0,True,2006-02-14,2022-09-28 10:21:51.262503,1
252,252,2,Mattie,Hoffman,mattie.hoffman@sakilacustomer.org,256.0,True,2006-02-14,2022-09-28 10:21:51.262503,1
253,253,1,Terry,Carlson,terry.carlson@sakilacustomer.org,258.0,True,2006-02-14,2022-09-28 10:21:51.262503,1
254,254,2,Maxine,Silva,maxine.silva@sakilacustomer.org,259.0,True,2006-02-14,2022-09-28 10:21:51.262503,1
255,255,2,Irma,Pearson,irma.pearson@sakilacustomer.org,260.0,True,2006-02-14,2022-09-28 10:21:51.262503,1
256,256,2,Mabel,Holland,mabel.holland@sakilacustomer.org,261.0,True,2006-02-14,2022-09-28 10:21:51.262503,1
257,257,2,Marsha,Douglas,marsha.douglas@sakilacustomer.org,262.0,True,2006-02-14,2022-09-28 10:21:51.262503,1
258,258,1,Myrtle,Fleming,myrtle.fleming@sakilacustomer.org,263.0,True,2006-02-14,2022-09-28 10:21:51.262503,1
259,259,2,Lena,Jensen,lena.jensen@sakilacustomer.org,264.0,True,2006-02-14,2022-09-28 10:21:51.262503,1
260,260,1,Christy,Vargas,christy.vargas@sakilacustomer.org,265.0,True,2006-02-14,2022-09-28 10:21:51.262503,1
261,261,1,Deanna,Byrd,deanna.byrd@sakilacustomer.org,266.0,True,2006-02-14,2022-09-28 10:21:51.262503,1
262,262,2,Patsy,Davidson,patsy.davidson@sakilacustomer.org,267.0,True,2006-02-14,2022-09-28 10:21:51.262503,1
263,263,1,Hilda,Hopkins,hilda.hopkins@sakilacustomer.org,268.0,True,2006-02-14,2022-09-28 10:21:51.262503,1
264,264,1,Gwendolyn,May,gwendolyn.may@sakilacustomer.org,269.0,True,2006-02-14,2022-09-28 10:21:51.262503,1
265,265,2,Jennie,Terry,jennie.terry@sakilacustomer.org,270.0,True,2006-02-14,2022-09-28 10:21:51.262503,1
266,266,2,Nora,Herrera,nora.herrera@sakilacustomer.org,271.0,True,2006-02-14,2022-09-28 10:21:51.262503,1
267,267,1,Margie,Wade,margie.wade@sakilacustomer.org,272.0,True,2006-02-14,2022-09-28 10:21:51.262503,1
268,268,1,Nina,Soto,nina.soto@sakilacustomer.org,273.0,True,2006-02-14,2022-09-28 10:21:51.262503,1
269,269,1,Cassandra,Walters,cassandra.walters@sakilacustomer.org,274.0,True,2006-02-14,2022-09-28 10:21:51.262503,1
270,270,1,Leah,Curtis,leah.curtis@sakilacustomer.org,275.0,True,2006-02-14,2022-09-28 10:21:51.262503,1
271,271,1,Penny,Neal,penny.neal@sakilacustomer.org,276.0,True,2006-02-14,2022-09-28 10:21:51.262503,0
272,272,1,Kay,Caldwell,kay.caldwell@sakilacustomer.org,277.0,True,2006-02-14,2022-09-28 10:21:51.262503,1
273,273,2,Priscilla,Lowe,priscilla.lowe@sakilacustomer.org,278.0,True,2006-02-14,2022-09-28 10:21:51.262503,1
274,274,1,Naomi,Jennings,naomi.jennings@sakilacustomer.org,279.0,True,2006-02-14,2022-09-28 10:21:51.262503,1
275,275,2,Carole,Barnett,carole.barnett@sakilacustomer.org,280.0,True,2006-02-14,2022-09-28 10:21:51.262503,1
276,276,1,Brandy,Graves,brandy.graves@sakilacustomer.org,281.0,True,2006-02-14,2022-09-28 10:21:51.262503,1
277,277,2,Olga,Jimenez,olga.jimenez@sakilacustomer.org,282.0,True,2006-02-14,2022-09-28 10:21:51.262503,1
278,278,2,Billie,Horton,billie.horton@sakilacustomer.org,283.0,True,2006-02-14,2022-09-28 10:21:51.262503,1
279,279,2,Dianne,Shelton,dianne.shelton@sakilacustomer.org,284.0,True,2006-02-14,2022-09-28 10:21:51.262503,1
280,280,2,Tracey,Barrett,tracey.barrett@sakilacustomer.org,285.0,True,2006-02-14,2022-09-28 10:21:51.262503,1
281,281,2,Leona,Obrien,leona.obrien@sakilacustomer.org,286.0,True,2006-02-14,2022-09-28 10:21:51.262503,1
282,282,2,Jenny,Castro,jenny.castro@sakilacustomer.org,287.0,True,2006-02-14,2022-09-28 10:21:51.262503,1
283,283,1,Felicia,Sutton,felicia.sutton@sakilacustomer.org,288.0,True,2006-02-14,2022-09-28 10:21:51.262503,1
284,284,1,Sonia,Gregory,sonia.gregory@sakilacustomer.org,289.0,True,2006-02-14,2022-09-28 10:21:51.262503,1
285,285,1,Miriam,Mckinney,miriam.mckinney@sakilacustomer.org,290.0,True,2006-02-14,2022-09-28 10:21:51.262503,1
286,286,1,Velma,Lucas,velma.lucas@sakilacustomer.org,291.0,True,2006-02-14,2022-09-28 10:21:51.262503,1
287,287,2,Becky,Miles,becky.miles@sakilacustomer.org,292.0,True,2006-02-14,2022-09-28 10:21:51.262503,1
288,288,1,Bobbie,Craig,bobbie.craig@sakilacustomer.org,293.0,True,2006-02-14,2022-09-28 10:21:51.262503,1
289,289,1,Violet,Rodriquez,violet.rodriquez@sakilacustomer.org,294.0,True,2006-02-14,2022-09-28 10:21:51.262503,1
290,290,1,Kristina,Chambers,kristina.chambers@sakilacustomer.org,295.0,True,2006-02-14,2022-09-28 10:21:51.262503,1
291,291,1,Toni,Holt,toni.holt@sakilacustomer.org,296.0,True,2006-02-14,2022-09-28 10:21:51.262503,1
292,292,2,Misty,Lambert,misty.lambert@sakilacustomer.org,297.0,True,2006-02-14,2022-09-28 10:21:51.262503,1
293,293,2,Mae,Fletcher,mae.fletcher@sakilacustomer.org,298.0,True,2006-02-14,2022-09-28 10:21:51.262503,1
294,294,2,Shelly,Watts,shelly.watts@sakilacustomer.org,299.0,True,2006-02-14,2022-09-28 10:21:51.262503,1
295,295,1,Daisy,Bates,daisy.bates@sakilacustomer.org,300.0,True,2006-02-14,2022-09-28 10:21:51.262503,1
296,296,2,Ramona,Hale,ramona.hale@sakilacustomer.org,301.0,True,2006-02-14,2022-09-28 10:21:51.262503,1
297,297,1,Sherri,Rhodes,sherri.rhodes@sakilacustomer.org,302.0,True,2006-02-14,2022-09-28 10:21:51.262503,1
298,298,1,Erika,Pena,erika.pena@sakilacustomer.org,303.0,True,2006-02-14,2022-09-28 10:21:51.262503,1
299,299,2,James,Gannon,james.gannon@sakilacustomer.org,304.0,True,2006-02-14,2022-09-28 10:21:51.262503,1
300,300,1,John,Farnsworth,john.farnsworth@sakilacustomer.org,305.0,True,2006-02-14,2022-09-28 10:21:51.262503,1
301,301,2,Robert,Baughman,robert.baughman@sakilacustomer.org,306.0,True,2006-02-14,2022-09-28 10:21:51.262503,1
302,302,1,Michael,Silverman,michael.silverman@sakilacustomer.org,307.0,True,2006-02-14,2022-09-28 10:21:51.262503,1
303,303,2,William,Satterfield,william.satterfield@sakilacustomer.org,308.0,True,2006-02-14,2022-09-28 10:21:51.262503,1
304,304,2,David,Royal,david.royal@sakilacustomer.org,309.0,True,2006-02-14,2022-09-28 10:21:51.262503,1
305,305,1,Richard,Mccrary,richard.mccrary@sakilacustomer.org,310.0,True,2006-02-14,2022-09-28 10:21:51.262503,1
306,306,1,Charles,Kowalski,charles.kowalski@sakilacustomer.org,311.0,True,2006-02-14,2022-09-28 10:21:51.262503,1
307,307,2,Joseph,Joy,joseph.joy@sakilacustomer.org,312.0,True,2006-02-14,2022-09-28 10:21:51.262503,1
308,308,1,Thomas,Grigsby,thomas.grigsby@sakilacustomer.org,313.0,True,2006-02-14,2022-09-28 10:21:51.262503,1
309,309,1,Christopher,Greco,christopher.greco@sakilacustomer.org,314.0,True,2006-02-14,2022-09-28 10:21:51.262503,1
310,310,2,Daniel,Cabral,daniel.cabral@sakilacustomer.org,315.0,True,2006-02-14,2022-09-28 10:21:51.262503,1
311,311,2,Paul,Trout,paul.trout@sakilacustomer.org,316.0,True,2006-02-14,2022-09-28 10:21:51.262503,1
312,312,2,Mark,Rinehart,mark.rinehart@sakilacustomer.org,317.0,True,2006-02-14,2022-09-28 10:21:51.262503,1
313,313,2,Donald,Mahon,donald.mahon@sakilacustomer.org,318.0,True,2006-02-14,2022-09-28 10:21:51.262503,1
314,314,1,George,Linton,george.linton@sakilacustomer.org,319.0,True,2006-02-14,2022-09-28 10:21:51.262503,1
315,315,2,Kenneth,Gooden,kenneth.gooden@sakilacustomer.org,320.0,True,2006-02-14,2022-09-28 10:21:51.262503,0
316,316,1,Steven,Curley,steven.curley@sakilacustomer.org,321.0,True,2006-02-14,2022-09-28 10:21:51.262503,1
317,317,2,Edward,Baugh,edward.baugh@sakilacustomer.org,322.0,True,2006-02-14,2022-09-28 10:21:51.262503,1
318,318,1,Brian,Wyman,brian.wyman@sakilacustomer.org,323.0,True,2006-02-14,2022-09-28 10:21:51.262503,1
319,319,2,Ronald,Weiner,ronald.weiner@sakilacustomer.org,324.0,True,2006-02-14,2022-09-28 10:21:51.262503,1
320,320,2,Anthony,Schwab,anthony.schwab@sakilacustomer.org,325.0,True,2006-02-14,2022-09-28 10:21:51.262503,1
321,321,1,Kevin,Schuler,kevin.schuler@sakilacustomer.org,326.0,True,2006-02-14,2022-09-28 10:21:51.262503,1
322,322,1,Jason,Morrissey,jason.morrissey@sakilacustomer.org,327.0,True,2006-02-14,2022-09-28 10:21:51.262503,1
323,323,2,Matthew,Mahan,matthew.mahan@sakilacustomer.org,328.0,True,2006-02-14,2022-09-28 10:21:51.262503,1
324,324,2,Gary,Coy,gary.coy@sakilacustomer.org,329.0,True,2006-02-14,2022-09-28 10:21:51.262503,1
325,325,1,Timothy,Bunn,timothy.bunn@sakilacustomer.org,330.0,True,2006-02-14,2022-09-28 10:21:51.262503,1
326,326,1,Jose,Andrew,jose.andrew@sakilacustomer.org,331.0,True,2006-02-14,2022-09-28 10:21:51.262503,1
327,327,2,Larry,Thrasher,larry.thrasher@sakilacustomer.org,332.0,True,2006-02-14,2022-09-28 10:21:51.262503,1
328,328,2,Jeffrey,Spear,jeffrey.spear@sakilacustomer.org,333.0,True,2006-02-14,2022-09-28 10:21:51.262503,1
329,329,2,Frank,Waggoner,frank.waggoner@sakilacustomer.org,334.0,True,2006-02-14,2022-09-28 10:21:51.262503,1
330,330,1,Scott,Shelley,scott.shelley@sakilacustomer.org,335.0,True,2006-02-14,2022-09-28 10:21:51.262503,1
331,331,1,Eric,Robert,eric.robert@sakilacustomer.org,336.0,True,2006-02-14,2022-09-28 10:21:51.262503,1
332,332,1,Stephen,Qualls,stephen.qualls@sakilacustomer.org,337.0,True,2006-02-14,2022-09-28 10:21:51.262503,1
333,333,2,Andrew,Purdy,andrew.purdy@sakilacustomer.org,338.0,True,2006-02-14,2022-09-28 10:21:51.262503,1
334,334,2,Raymond,Mcwhorter,raymond.mcwhorter@sakilacustomer.org,339.0,True,2006-02-14,2022-09-28 10:21:51.262503,1
335,335,1,Gregory,Mauldin,gregory.mauldin@sakilacustomer.org,340.0,True,2006-02-14,2022-09-28 10:21:51.262503,1
336,336,1,Joshua,Mark,joshua.mark@sakilacustomer.org,341.0,True,2006-02-14,2022-09-28 10:21:51.262503,1
337,337,1,Jerry,Jordon,jerry.jordon@sakilacustomer.org,342.0,True,2006-02-14,2022-09-28 10:21:51.262503,1
338,338,1,Dennis,Gilman,dennis.gilman@sakilacustomer.org,343.0,True,2006-02-14,2022-09-28 10:21:51.262503,1
339,339,2,Walter,Perryman,walter.perryman@sakilacustomer.org,344.0,True,2006-02-14,2022-09-28 10:21:51.262503,1
340,340,1,Patrick,Newsom,patrick.newsom@sakilacustomer.org,345.0,True,2006-02-14,2022-09-28 10:21:51.262503,1
341,341,1,Peter,Menard,peter.menard@sakilacustomer.org,346.0,True,2006-02-14,2022-09-28 10:21:51.262503,1
342,342,1,Harold,Martino,harold.martino@sakilacustomer.org,347.0,True,2006-02-14,2022-09-28 10:21:51.262503,1
343,343,1,Douglas,Graf,douglas.graf@sakilacustomer.org,348.0,True,2006-02-14,2022-09-28 10:21:51.262503,1
344,344,1,Henry,Billingsley,henry.billingsley@sakilacustomer.org,349.0,True,2006-02-14,2022-09-28 10:21:51.262503,1
345,345,1,Carl,Artis,carl.artis@sakilacustomer.org,350.0,True,2006-02-14,2022-09-28 10:21:51.262503,1
346,346,1,Arthur,Simpkins,arthur.simpkins@sakilacustomer.org,351.0,True,2006-02-14,2022-09-28 10:21:51.262503,1
347,347,2,Ryan,Salisbury,ryan.salisbury@sakilacustomer.org,352.0,True,2006-02-14,2022-09-28 10:21:51.262503,1
348,348,2,Roger,Quintanilla,roger.quintanilla@sakilacustomer.org,353.0,True,2006-02-14,2022-09-28 10:21:51.262503,1
349,349,2,Joe,Gilliland,joe.gilliland@sakilacustomer.org,354.0,True,2006-02-14,2022-09-28 10:21:51.262503,1
350,350,1,Juan,Fraley,juan.fraley@sakilacustomer.org,355.0,True,2006-02-14,2022-09-28 10:21:51.262503,1
351,351,1,Jack,Foust,jack.foust@sakilacustomer.org,356.0,True,2006-02-14,2022-09-28 10:21:51.262503,1
352,352,1,Albert,Crouse,albert.crouse@sakilacustomer.org,357.0,True,2006-02-14,2022-09-28 10:21:51.262503,1
353,353,1,Jonathan,Scarborough,jonathan.scarborough@sakilacustomer.org,358.0,True,2006-02-14,2022-09-28 10:21:51.262503,1
354,354,2,Justin,Ngo,justin.ngo@sakilacustomer.org,359.0,True,2006-02-14,2022-09-28 10:21:51.262503,1
355,355,2,Terry,Grissom,terry.grissom@sakilacustomer.org,360.0,True,2006-02-14,2022-09-28 10:21:51.262503,1
356,356,2,Gerald,Fultz,gerald.fultz@sakilacustomer.org,361.0,True,2006-02-14,2022-09-28 10:21:51.262503,1
357,357,1,Keith,Rico,keith.rico@sakilacustomer.org,362.0,True,2006-02-14,2022-09-28 10:21:51.262503,1
358,358,2,Samuel,Marlow,samuel.marlow@sakilacustomer.org,363.0,True,2006-02-14,2022-09-28 10:21:51.262503,1
359,359,2,Willie,Markham,willie.markham@sakilacustomer.org,364.0,True,2006-02-14,2022-09-28 10:21:51.262503,1
360,360,2,Ralph,Madrigal,ralph.madrigal@sakilacustomer.org,365.0,True,2006-02-14,2022-09-28 10:21:51.262503,1
361,361,2,Lawrence,Lawton,lawrence.lawton@sakilacustomer.org,366.0,True,2006-02-14,2022-09-28 10:21:51.262503,1
362,362,1,Nicholas,Barfield,nicholas.barfield@sakilacustomer.org,367.0,True,2006-02-14,2022-09-28 10:21:51.262503,1
363,363,2,Roy,Whiting,roy.whiting@sakilacustomer.org,368.0,True,2006-02-14,2022-09-28 10:21:51.262503,1
364,364,1,Benjamin,Varney,benjamin.varney@sakilacustomer.org,369.0,True,2006-02-14,2022-09-28 10:21:51.262503,1
365,365,2,Bruce,Schwarz,bruce.schwarz@sakilacustomer.org,370.0,True,2006-02-14,2022-09-28 10:21:51.262503,1
366,366,1,Brandon,Huey,brandon.huey@sakilacustomer.org,371.0,True,2006-02-14,2022-09-28 10:21:51.262503,1
367,367,1,Adam,Gooch,adam.gooch@sakilacustomer.org,372.0,True,2006-02-14,2022-09-28 10:21:51.262503,1
368,368,1,Harry,Arce,harry.arce@sakilacustomer.org,373.0,True,2006-02-14,2022-09-28 10:21:51.262503,0
369,369,2,Fred,Wheat,fred.wheat@sakilacustomer.org,374.0,True,2006-02-14,2022-09-28 10:21:51.262503,1
370,370,2,Wayne,Truong,wayne.truong@sakilacustomer.org,375.0,True,2006-02-14,2022-09-28 10:21:51.262503,1
371,371,1,Billy,Poulin,billy.poulin@sakilacustomer.org,376.0,True,2006-02-14,2022-09-28 10:21:51.262503,1
372,372,2,Steve,Mackenzie,steve.mackenzie@sakilacustomer.org,377.0,True,2006-02-14,2022-09-28 10:21:51.262503,1
373,373,1,Louis,Leone,louis.leone@sakilacustomer.org,378.0,True,2006-02-14,2022-09-28 10:21:51.262503,1
374,374,2,Jeremy,Hurtado,jeremy.hurtado@sakilacustomer.org,379.0,True,2006-02-14,2022-09-28 10:21:51.262503,1
375,375,2,Aaron,Selby,aaron.selby@sakilacustomer.org,380.0,True,2006-02-14,2022-09-28 10:21:51.262503,1
376,376,1,Randy,Gaither,randy.gaither@sakilacustomer.org,381.0,True,2006-02-14,2022-09-28 10:21:51.262503,1
377,377,1,Howard,Fortner,howard.fortner@sakilacustomer.org,382.0,True,2006-02-14,2022-09-28 10:21:51.262503,1
378,378,1,Eugene,Culpepper,eugene.culpepper@sakilacustomer.org,383.0,True,2006-02-14,2022-09-28 10:21:51.262503,1
379,379,1,Carlos,Coughlin,carlos.coughlin@sakilacustomer.org,384.0,True,2006-02-14,2022-09-28 10:21:51.262503,1
380,380,1,Russell,Brinson,russell.brinson@sakilacustomer.org,385.0,True,2006-02-14,2022-09-28 10:21:51.262503,1
381,381,2,Bobby,Boudreau,bobby.boudreau@sakilacustomer.org,386.0,True,2006-02-14,2022-09-28 10:21:51.262503,1
382,382,2,Victor,Barkley,victor.barkley@sakilacustomer.org,387.0,True,2006-02-14,2022-09-28 10:21:51.262503,1
383,383,1,Martin,Bales,martin.bales@sakilacustomer.org,388.0,True,2006-02-14,2022-09-28 10:21:51.262503,1
384,384,2,Ernest,Stepp,ernest.stepp@sakilacustomer.org,389.0,True,2006-02-14,2022-09-28 10:21:51.262503,1
385,385,1,Phillip,Holm,phillip.holm@sakilacustomer.org,390.0,True,2006-02-14,2022-09-28 10:21:51.262503,1
386,386,1,Todd,Tan,todd.tan@sakilacustomer.org,391.0,True,2006-02-14,2022-09-28 10:21:51.262503,1
387,387,2,Jesse,Schilling,jesse.schilling@sakilacustomer.org,392.0,True,2006-02-14,2022-09-28 10:21:51.262503,1
388,388,2,Craig,Morrell,craig.morrell@sakilacustomer.org,393.0,True,2006-02-14,2022-09-28 10:21:51.262503,1
389,389,1,Alan,Kahn,alan.kahn@sakilacustomer.org,394.0,True,2006-02-14,2022-09-28 10:21:51.262503,1
390,390,1,Shawn,Heaton,shawn.heaton@sakilacustomer.org,395.0,True,2006-02-14,2022-09-28 10:21:51.262503,1
391,391,1,Clarence,Gamez,clarence.gamez@sakilacustomer.org,396.0,True,2006-02-14,2022-09-28 10:21:51.262503,1
392,392,2,Sean,Douglass,sean.douglass@sakilacustomer.org,397.0,True,2006-02-14,2022-09-28 10:21:51.262503,1
393,393,1,Philip,Causey,philip.causey@sakilacustomer.org,398.0,True,2006-02-14,2022-09-28 10:21:51.262503,1
394,394,2,Chris,Brothers,chris.brothers@sakilacustomer.org,399.0,True,2006-02-14,2022-09-28 10:21:51.262503,1
395,395,2,Johnny,Turpin,johnny.turpin@sakilacustomer.org,400.0,True,2006-02-14,2022-09-28 10:21:51.262503,1
396,396,1,Earl,Shanks,earl.shanks@sakilacustomer.org,401.0,True,2006-02-14,2022-09-28 10:21:51.262503,1
397,397,1,Jimmy,Schrader,jimmy.schrader@sakilacustomer.org,402.0,True,2006-02-14,2022-09-28 10:21:51.262503,1
398,398,1,Antonio,Meek,antonio.meek@sakilacustomer.org,403.0,True,2006-02-14,2022-09-28 10:21:51.262503,1
399,399,1,Danny,Isom,danny.isom@sakilacustomer.org,404.0,True,2006-02-14,2022-09-28 10:21:51.262503,1
400,400,2,Bryan,Hardison,bryan.hardison@sakilacustomer.org,405.0,True,2006-02-14,2022-09-28 10:21:51.262503,1
401,401,2,Tony,Carranza,tony.carranza@sakilacustomer.org,406.0,True,2006-02-14,2022-09-28 10:21:51.262503,1
402,402,1,Luis,Yanez,luis.yanez@sakilacustomer.org,407.0,True,2006-02-14,2022-09-28 10:21:51.262503,1
403,403,1,Mike,Way,mike.way@sakilacustomer.org,408.0,True,2006-02-14,2022-09-28 10:21:51.262503,1
404,404,2,Stanley,Scroggins,stanley.scroggins@sakilacustomer.org,409.0,True,2006-02-14,2022-09-28 10:21:51.262503,1
405,405,1,Leonard,Schofield,leonard.schofield@sakilacustomer.org,410.0,True,2006-02-14,2022-09-28 10:21:51.262503,1
406,406,1,Nathan,Runyon,nathan.runyon@sakilacustomer.org,411.0,True,2006-02-14,2022-09-28 10:21:51.262503,0
407,407,1,Dale,Ratcliff,dale.ratcliff@sakilacustomer.org,412.0,True,2006-02-14,2022-09-28 10:21:51.262503,1
408,408,1,Manuel,Murrell,manuel.murrell@sakilacustomer.org,413.0,True,2006-02-14,2022-09-28 10:21:51.262503,1
409,409,2,Rodney,Moeller,rodney.moeller@sakilacustomer.org,414.0,True,2006-02-14,2022-09-28 10:21:51.262503,1
410,410,2,Curtis,Irby,curtis.irby@sakilacustomer.org,415.0,True,2006-02-14,2022-09-28 10:21:51.262503,1
411,411,1,Norman,Currier,norman.currier@sakilacustomer.org,416.0,True,2006-02-14,2022-09-28 10:21:51.262503,1
412,412,2,Allen,Butterfield,allen.butterfield@sakilacustomer.org,417.0,True,2006-02-14,2022-09-28 10:21:51.262503,1
413,413,2,Marvin,Yee,marvin.yee@sakilacustomer.org,418.0,True,2006-02-14,2022-09-28 10:21:51.262503,1
414,414,1,Vincent,Ralston,vincent.ralston@sakilacustomer.org,419.0,True,2006-02-14,2022-09-28 10:21:51.262503,1
415,415,1,Glenn,Pullen,glenn.pullen@sakilacustomer.org,420.0,True,2006-02-14,2022-09-28 10:21:51.262503,1
416,416,2,Jeffery,Pinson,jeffery.pinson@sakilacustomer.org,421.0,True,2006-02-14,2022-09-28 10:21:51.262503,1
417,417,1,Travis,Estep,travis.estep@sakilacustomer.org,422.0,True,2006-02-14,2022-09-28 10:21:51.262503,1
418,418,2,Jeff,East,jeff.east@sakilacustomer.org,423.0,True,2006-02-14,2022-09-28 10:21:51.262503,1
419,419,1,Chad,Carbone,chad.carbone@sakilacustomer.org,424.0,True,2006-02-14,2022-09-28 10:21:51.262503,1
420,420,1,Jacob,Lance,jacob.lance@sakilacustomer.org,425.0,True,2006-02-14,2022-09-28 10:21:51.262503,1
421,421,1,Lee,Hawks,lee.hawks@sakilacustomer.org,426.0,True,2006-02-14,2022-09-28 10:21:51.262503,1
422,422,1,Melvin,Ellington,melvin.ellington@sakilacustomer.org,427.0,True,2006-02-14,2022-09-28 10:21:51.262503,1
423,423,2,Alfred,Casillas,alfred.casillas@sakilacustomer.org,428.0,True,2006-02-14,2022-09-28 10:21:51.262503,1
424,424,2,Kyle,Spurlock,kyle.spurlock@sakilacustomer.org,429.0,True,2006-02-14,2022-09-28 10:21:51.262503,1
425,425,2,Francis,Sikes,francis.sikes@sakilacustomer.org,430.0,True,2006-02-14,2022-09-28 10:21:51.262503,1
426,426,1,Bradley,Motley,bradley.motley@sakilacustomer.org,431.0,True,2006-02-14,2022-09-28 10:21:51.262503,1
427,427,2,Jesus,Mccartney,jesus.mccartney@sakilacustomer.org,432.0,True,2006-02-14,2022-09-28 10:21:51.262503,1
428,428,2,Herbert,Kruger,herbert.kruger@sakilacustomer.org,433.0,True,2006-02-14,2022-09-28 10:21:51.262503,1
429,429,2,Frederick,Isbell,frederick.isbell@sakilacustomer.org,434.0,True,2006-02-14,2022-09-28 10:21:51.262503,1
430,430,1,Ray,Houle,ray.houle@sakilacustomer.org,435.0,True,2006-02-14,2022-09-28 10:21:51.262503,1
431,431,2,Joel,Francisco,joel.francisco@sakilacustomer.org,436.0,True,2006-02-14,2022-09-28 10:21:51.262503,1
432,432,1,Edwin,Burk,edwin.burk@sakilacustomer.org,437.0,True,2006-02-14,2022-09-28 10:21:51.262503,1
433,433,1,Don,Bone,don.bone@sakilacustomer.org,438.0,True,2006-02-14,2022-09-28 10:21:51.262503,1
434,434,1,Eddie,Tomlin,eddie.tomlin@sakilacustomer.org,439.0,True,2006-02-14,2022-09-28 10:21:51.262503,1
435,435,2,Ricky,Shelby,ricky.shelby@sakilacustomer.org,440.0,True,2006-02-14,2022-09-28 10:21:51.262503,1
436,436,1,Troy,Quigley,troy.quigley@sakilacustomer.org,441.0,True,2006-02-14,2022-09-28 10:21:51.262503,1
437,437,2,Randall,Neumann,randall.neumann@sakilacustomer.org,442.0,True,2006-02-14,2022-09-28 10:21:51.262503,1
438,438,1,Barry,Lovelace,barry.lovelace@sakilacustomer.org,443.0,True,2006-02-14,2022-09-28 10:21:51.262503,1
439,439,2,Alexander,Fennell,alexander.fennell@sakilacustomer.org,444.0,True,2006-02-14,2022-09-28 10:21:51.262503,1
440,440,1,Bernard,Colby,bernard.colby@sakilacustomer.org,445.0,True,2006-02-14,2022-09-28 10:21:51.262503,1
441,441,1,Mario,Cheatham,mario.cheatham@sakilacustomer.org,446.0,True,2006-02-14,2022-09-28 10:21:51.262503,1
442,442,1,Leroy,Bustamante,leroy.bustamante@sakilacustomer.org,447.0,True,2006-02-14,2022-09-28 10:21:51.262503,1
443,443,2,Francisco,Skidmore,francisco.skidmore@sakilacustomer.org,448.0,True,2006-02-14,2022-09-28 10:21:51.262503,1
444,444,2,Marcus,Hidalgo,marcus.hidalgo@sakilacustomer.org,449.0,True,2006-02-14,2022-09-28 10:21:51.262503,1
445,445,1,Micheal,Forman,micheal.forman@sakilacustomer.org,450.0,True,2006-02-14,2022-09-28 10:21:51.262503,1
446,446,2,Theodore,Culp,theodore.culp@sakilacustomer.org,451.0,True,2006-02-14,2022-09-28 10:21:51.262503,0
447,447,1,Clifford,Bowens,clifford.bowens@sakilacustomer.org,452.0,True,2006-02-14,2022-09-28 10:21:51.262503,1
448,448,1,Miguel,Betancourt,miguel.betancourt@sakilacustomer.org,453.0,True,2006-02-14,2022-09-28 10:21:51.262503,1
449,449,2,Oscar,Aquino,oscar.aquino@sakilacustomer.org,454.0,True,2006-02-14,2022-09-28 10:21:51.262503,1
450,450,1,Jay,Robb,jay.robb@sakilacustomer.org,455.0,True,2006-02-14,2022-09-28 10:21:51.262503,1
451,451,1,Jim,Rea,jim.rea@sakilacustomer.org,456.0,True,2006-02-14,2022-09-28 10:21:51.262503,1
452,452,1,Tom,Milner,tom.milner@sakilacustomer.org,457.0,True,2006-02-14,2022-09-28 10:21:51.262503,1
453,453,1,Calvin,Martel,calvin.martel@sakilacustomer.org,458.0,True,2006-02-14,2022-09-28 10:21:51.262503,1
454,454,2,Alex,Gresham,alex.gresham@sakilacustomer.org,459.0,True,2006-02-14,2022-09-28 10:21:51.262503,1
455,455,2,Jon,Wiles,jon.wiles@sakilacustomer.org,460.0,True,2006-02-14,2022-09-28 10:21:51.262503,1
456,456,2,Ronnie,Ricketts,ronnie.ricketts@sakilacustomer.org,461.0,True,2006-02-14,2022-09-28 10:21:51.262503,1
457,457,2,Bill,Gavin,bill.gavin@sakilacustomer.org,462.0,True,2006-02-14,2022-09-28 10:21:51.262503,1
458,458,1,Lloyd,Dowd,lloyd.dowd@sakilacustomer.org,463.0,True,2006-02-14,2022-09-28 10:21:51.262503,1
459,459,1,Tommy,Collazo,tommy.collazo@sakilacustomer.org,464.0,True,2006-02-14,2022-09-28 10:21:51.262503,1
460,460,1,Leon,Bostic,leon.bostic@sakilacustomer.org,465.0,True,2006-02-14,2022-09-28 10:21:51.262503,1
461,461,1,Derek,Blakely,derek.blakely@sakilacustomer.org,466.0,True,2006-02-14,2022-09-28 10:21:51.262503,1
462,462,2,Warren,Sherrod,warren.sherrod@sakilacustomer.org,467.0,True,2006-02-14,2022-09-28 10:21:51.262503,1
463,463,2,Darrell,Power,darrell.power@sakilacustomer.org,468.0,True,2006-02-14,2022-09-28 10:21:51.262503,1
464,464,1,Jerome,Kenyon,jerome.kenyon@sakilacustomer.org,469.0,True,2006-02-14,2022-09-28 10:21:51.262503,1
465,465,1,Floyd,Gandy,floyd.gandy@sakilacustomer.org,470.0,True,2006-02-14,2022-09-28 10:21:51.262503,1
466,466,1,Leo,Ebert,leo.ebert@sakilacustomer.org,471.0,True,2006-02-14,2022-09-28 10:21:51.262503,1
467,467,2,Alvin,Deloach,alvin.deloach@sakilacustomer.org,472.0,True,2006-02-14,2022-09-28 10:21:51.262503,1
468,468,1,Tim,Cary,tim.cary@sakilacustomer.org,473.0,True,2006-02-14,2022-09-28 10:21:51.262503,1
469,469,2,Wesley,Bull,wesley.bull@sakilacustomer.org,474.0,True,2006-02-14,2022-09-28 10:21:51.262503,1
470,470,1,Gordon,Allard,gordon.allard@sakilacustomer.org,475.0,True,2006-02-14,2022-09-28 10:21:51.262503,1
471,471,1,Dean,Sauer,dean.sauer@sakilacustomer.org,476.0,True,2006-02-14,2022-09-28 10:21:51.262503,1
472,472,1,Greg,Robins,greg.robins@sakilacustomer.org,477.0,True,2006-02-14,2022-09-28 10:21:51.262503,1
473,473,2,Jorge,Olivares,jorge.olivares@sakilacustomer.org,478.0,True,2006-02-14,2022-09-28 10:21:51.262503,1
474,474,2,Dustin,Gillette,dustin.gillette@sakilacustomer.org,479.0,True,2006-02-14,2022-09-28 10:21:51.262503,1
475,475,2,Pedro,Chestnut,pedro.chestnut@sakilacustomer.org,480.0,True,2006-02-14,2022-09-28 10:21:51.262503,1
476,476,1,Derrick,Bourque,derrick.bourque@sakilacustomer.org,481.0,True,2006-02-14,2022-09-28 10:21:51.262503,1
477,477,1,Dan,Paine,dan.paine@sakilacustomer.org,482.0,True,2006-02-14,2022-09-28 10:21:51.262503,1
478,478,1,Lewis,Lyman,lewis.lyman@sakilacustomer.org,483.0,True,2006-02-14,2022-09-28 10:21:51.262503,1
479,479,1,Zachary,Hite,zachary.hite@sakilacustomer.org,484.0,True,2006-02-14,2022-09-28 10:21:51.262503,1
480,480,1,Corey,Hauser,corey.hauser@sakilacustomer.org,485.0,True,2006-02-14,2022-09-28 10:21:51.262503,1
481,481,1,Herman,Devore,herman.devore@sakilacustomer.org,486.0,True,2006-02-14,2022-09-28 10:21:51.262503,1
482,482,1,Maurice,Crawley,maurice.crawley@sakilacustomer.org,487.0,True,2006-02-14,2022-09-28 10:21:51.262503,0
483,483,2,Vernon,Chapa,vernon.chapa@sakilacustomer.org,488.0,True,2006-02-14,2022-09-28 10:21:51.262503,1
484,484,1,Roberto,Vu,roberto.vu@sakilacustomer.org,489.0,True,2006-02-14,2022-09-28 10:21:51.262503,1
485,485,1,Clyde,Tobias,clyde.tobias@sakilacustomer.org,490.0,True,2006-02-14,2022-09-28 10:21:51.262503,1
486,486,1,Glen,Talbert,glen.talbert@sakilacustomer.org,491.0,True,2006-02-14,2022-09-28 10:21:51.262503,1
487,487,2,Hector,Poindexter,hector.poindexter@sakilacustomer.org,492.0,True,2006-02-14,2022-09-28 10:21:51.262503,1
488,488,2,Shane,Millard,shane.millard@sakilacustomer.org,493.0,True,2006-02-14,2022-09-28 10:21:51.262503,1
489,489,1,Ricardo,Meador,ricardo.meador@sakilacustomer.org,494.0,True,2006-02-14,2022-09-28 10:21:51.262503,1
490,490,1,Sam,Mcduffie,sam.mcduffie@sakilacustomer.org,495.0,True,2006-02-14,2022-09-28 10:21:51.262503,1
491,491,2,Rick,Mattox,rick.mattox@sakilacustomer.org,496.0,True,2006-02-14,2022-09-28 10:21:51.262503,1
492,492,2,Lester,Kraus,lester.kraus@sakilacustomer.org,497.0,True,2006-02-14,2022-09-28 10:21:51.262503,1
493,493,1,Brent,Harkins,brent.harkins@sakilacustomer.org,498.0,True,2006-02-14,2022-09-28 10:21:51.262503,1
494,494,2,Ramon,Choate,ramon.choate@sakilacustomer.org,499.0,True,2006-02-14,2022-09-28 10:21:51.262503,1
495,495,2,Charlie,Bess,charlie.bess@sakilacustomer.org,500.0,True,2006-02-14,2022-09-28 10:21:51.262503,1
496,496,2,Tyler,Wren,tyler.wren@sakilacustomer.org,501.0,True,2006-02-14,2022-09-28 10:21:51.262503,1
497,497,2,Gilbert,Sledge,gilbert.sledge@sakilacustomer.org,502.0,True,2006-02-14,2022-09-28 10:21:51.262503,1
498,498,1,Gene,Sanborn,gene.sanborn@sakilacustomer.org,503.0,True,2006-02-14,2022-09-28 10:21:51.262503,1
499,499,2,Marc,Outlaw,marc.outlaw@sakilacustomer.org,504.0,True,2006-02-14,2022-09-28 10:21:51.262503,1
500,500,1,Reginald,Kinder,reginald.kinder@sakilacustomer.org,505.0,True,2006-02-14,2022-09-28 10:21:51.262503,1
501,501,1,Ruben,Geary,ruben.geary@sakilacustomer.org,506.0,True,2006-02-14,2022-09-28 10:21:51.262503,1
502,502,1,Brett,Cornwell,brett.cornwell@sakilacustomer.org,507.0,True,2006-02-14,2022-09-28 10:21:51.262503,1
503,503,1,Angel,Barclay,angel.barclay@sakilacustomer.org,508.0,True,2006-02-14,2022-09-28 10:21:51.262503,1
504,504,1,Nathaniel,Adam,nathaniel.adam@sakilacustomer.org,509.0,True,2006-02-14,2022-09-28 10:21:51.262503,1
505,505,1,Rafael,Abney,rafael.abney@sakilacustomer.org,510.0,True,2006-02-14,2022-09-28 10:21:51.262503,1
506,506,2,Leslie,Seward,leslie.seward@sakilacustomer.org,511.0,True,2006-02-14,2022-09-28 10:21:51.262503,1
507,507,2,Edgar,Rhoads,edgar.rhoads@sakilacustomer.org,512.0,True,2006-02-14,2022-09-28 10:21:51.262503,1
508,508,2,Milton,Howland,milton.howland@sakilacustomer.org,513.0,True,2006-02-14,2022-09-28 10:21:51.262503,1
509,509,1,Raul,Fortier,raul.fortier@sakilacustomer.org,514.0,True,2006-02-14,2022-09-28 10:21:51.262503,1
510,510,2,Ben,Easter,ben.easter@sakilacustomer.org,515.0,True,2006-02-14,2022-09-28 10:21:51.262503,0
511,511,1,Chester,Benner,chester.benner@sakilacustomer.org,516.0,True,2006-02-14,2022-09-28 10:21:51.262503,1
512,512,1,Cecil,Vines,cecil.vines@sakilacustomer.org,517.0,True,2006-02-14,2022-09-28 10:21:51.262503,1
513,513,2,Duane,Tubbs,duane.tubbs@sakilacustomer.org,519.0,True,2006-02-14,2022-09-28 10:21:51.262503,1
514,514,2,Franklin,Troutman,franklin.troutman@sakilacustomer.org,520.0,True,2006-02-14,2022-09-28 10:21:51.262503,1
515,515,1,Andre,Rapp,andre.rapp@sakilacustomer.org,521.0,True,2006-02-14,2022-09-28 10:21:51.262503,1
516,516,2,Elmer,Noe,elmer.noe@sakilacustomer.org,522.0,True,2006-02-14,2022-09-28 10:21:51.262503,1
517,517,2,Brad,Mccurdy,brad.mccurdy@sakilacustomer.org,523.0,True,2006-02-14,2022-09-28 10:21:51.262503,1
518,518,1,Gabriel,Harder,gabriel.harder@sakilacustomer.org,524.0,True,2006-02-14,2022-09-28 10:21:51.262503,1
519,519,2,Ron,Deluca,ron.deluca@sakilacustomer.org,525.0,True,2006-02-14,2022-09-28 10:21:51.262503,1
520,520,2,Mitchell,Westmoreland,mitchell.westmoreland@sakilacustomer.org,526.0,True,2006-02-14,2022-09-28 10:21:51.262503,1
521,521,2,Roland,South,roland.south@sakilacustomer.org,527.0,True,2006-02-14,2022-09-28 10:21:51.262503,1
522,522,2,Arnold,Havens,arnold.havens@sakilacustomer.org,528.0,True,2006-02-14,2022-09-28 10:21:51.262503,1
523,523,1,Harvey,Guajardo,harvey.guajardo@sakilacustomer.org,529.0,True,2006-02-14,2022-09-28 10:21:51.262503,1
524,525,2,Adrian,Clary,adrian.clary@sakilacustomer.org,531.0,True,2006-02-14,2022-09-28 10:21:51.262503,1
525,527,1,Cory,Meehan,cory.meehan@sakilacustomer.org,533.0,True,2006-02-14,2022-09-28 10:21:51.262503,1
526,528,1,Claude,Herzog,claude.herzog@sakilacustomer.org,534.0,True,2006-02-14,2022-09-28 10:21:51.262503,1
527,529,2,Erik,Guillen,erik.guillen@sakilacustomer.org,535.0,True,2006-02-14,2022-09-28 10:21:51.262503,1
528,530,2,Darryl,Ashcraft,darryl.ashcraft@sakilacustomer.org,536.0,True,2006-02-14,2022-09-28 10:21:51.262503,1
529,531,2,Jamie,Waugh,jamie.waugh@sakilacustomer.org,537.0,True,2006-02-14,2022-09-28 10:21:51.262503,1
530,532,2,Neil,Renner,neil.renner@sakilacustomer.org,538.0,True,2006-02-14,2022-09-28 10:21:51.262503,1
531,533,1,Jessie,Milam,jessie.milam@sakilacustomer.org,539.0,True,2006-02-14,2022-09-28 10:21:51.262503,1
532,534,1,Christian,Jung,christian.jung@sakilacustomer.org,540.0,True,2006-02-14,2022-09-28 10:21:51.262503,0
533,535,1,Javier,Elrod,javier.elrod@sakilacustomer.org,541.0,True,2006-02-14,2022-09-28 10:21:51.262503,1
534,536,2,Fernando,Churchill,fernando.churchill@sakilacustomer.org,542.0,True,2006-02-14,2022-09-28 10:21:51.262503,1
535,537,2,Clinton,Buford,clinton.buford@sakilacustomer.org,543.0,True,2006-02-14,2022-09-28 10:21:51.262503,1
536,538,2,Ted,Breaux,ted.breaux@sakilacustomer.org,544.0,True,2006-02-14,2022-09-28 10:21:51.262503,1
537,539,1,Mathew,Bolin,mathew.bolin@sakilacustomer.org,545.0,True,2006-02-14,2022-09-28 10:21:51.262503,1
538,540,1,Tyrone,Asher,tyrone.asher@sakilacustomer.org,546.0,True,2006-02-14,2022-09-28 10:21:51.262503,1
539,541,2,Darren,Windham,darren.windham@sakilacustomer.org,547.0,True,2006-02-14,2022-09-28 10:21:51.262503,1
540,542,2,Lonnie,Tirado,lonnie.tirado@sakilacustomer.org,548.0,True,2006-02-14,2022-09-28 10:21:51.262503,1
541,543,1,Lance,Pemberton,lance.pemberton@sakilacustomer.org,549.0,True,2006-02-14,2022-09-28 10:21:51.262503,1
542,544,2,Cody,Nolen,cody.nolen@sakilacustomer.org,550.0,True,2006-02-14,2022-09-28 10:21:51.262503,1
543,545,2,Julio,Noland,julio.noland@sakilacustomer.org,551.0,True,2006-02-14,2022-09-28 10:21:51.262503,1
544,546,1,Kelly,Knott,kelly.knott@sakilacustomer.org,552.0,True,2006-02-14,2022-09-28 10:21:51.262503,1
545,547,1,Kurt,Emmons,kurt.emmons@sakilacustomer.org,553.0,True,2006-02-14,2022-09-28 10:21:51.262503,1
546,548,1,Allan,Cornish,allan.cornish@sakilacustomer.org,554.0,True,2006-02-14,2022-09-28 10:21:51.262503,1
547,549,1,Nelson,Christenson,nelson.christenson@sakilacustomer.org,555.0,True,2006-02-14,2022-09-28 10:21:51.262503,1
548,550,2,Guy,Brownlee,guy.brownlee@sakilacustomer.org,556.0,True,2006-02-14,2022-09-28 10:21:51.262503,1
549,551,2,Clayton,Barbee,clayton.barbee@sakilacustomer.org,557.0,True,2006-02-14,2022-09-28 10:21:51.262503,1
550,552,2,Hugh,Waldrop,hugh.waldrop@sakilacustomer.org,558.0,True,2006-02-14,2022-09-28 10:21:51.262503,1
551,553,1,Max,Pitt,max.pitt@sakilacustomer.org,559.0,True,2006-02-14,2022-09-28 10:21:51.262503,1
552,554,1,Dwayne,Olvera,dwayne.olvera@sakilacustomer.org,560.0,True,2006-02-14,2022-09-28 10:21:51.262503,1
553,555,1,Dwight,Lombardi,dwight.lombardi@sakilacustomer.org,561.0,True,2006-02-14,2022-09-28 10:21:51.262503,1
554,556,2,Armando,Gruber,armando.gruber@sakilacustomer.org,562.0,True,2006-02-14,2022-09-28 10:21:51.262503,1
555,557,1,Felix,Gaffney,felix.gaffney@sakilacustomer.org,563.0,True,2006-02-14,2022-09-28 10:21:51.262503,1
556,558,1,Jimmie,Eggleston,jimmie.eggleston@sakilacustomer.org,564.0,True,2006-02-14,2022-09-28 10:21:51.262503,0
557,559,2,Everett,Banda,everett.banda@sakilacustomer.org,565.0,True,2006-02-14,2022-09-28 10:21:51.262503,1
558,560,1,Jordan,Archuleta,jordan.archuleta@sakilacustomer.org,566.0,True,2006-02-14,2022-09-28 10:21:51.262503,1
559,561,2,Ian,Still,ian.still@sakilacustomer.org,567.0,True,2006-02-14,2022-09-28 10:21:51.262503,1
560,562,1,Wallace,Slone,wallace.slone@sakilacustomer.org,568.0,True,2006-02-14,2022-09-28 10:21:51.262503,1
561,563,2,Ken,Prewitt,ken.prewitt@sakilacustomer.org,569.0,True,2006-02-14,2022-09-28 10:21:51.262503,1
562,564,2,Bob,Pfeiffer,bob.pfeiffer@sakilacustomer.org,570.0,True,2006-02-14,2022-09-28 10:21:51.262503,1
563,565,2,Jaime,Nettles,jaime.nettles@sakilacustomer.org,571.0,True,2006-02-14,2022-09-28 10:21:51.262503,1
564,566,1,Casey,Mena,casey.mena@sakilacustomer.org,572.0,True,2006-02-14,2022-09-28 10:21:51.262503,1
565,567,2,Alfredo,Mcadams,alfredo.mcadams@sakilacustomer.org,573.0,True,2006-02-14,2022-09-28 10:21:51.262503,1
566,568,2,Alberto,Henning,alberto.henning@sakilacustomer.org,574.0,True,2006-02-14,2022-09-28 10:21:51.262503,1
567,569,2,Dave,Gardiner,dave.gardiner@sakilacustomer.org,575.0,True,2006-02-14,2022-09-28 10:21:51.262503,1
568,570,2,Ivan,Cromwell,ivan.cromwell@sakilacustomer.org,576.0,True,2006-02-14,2022-09-28 10:21:51.262503,1
569,571,2,Johnnie,Chisholm,johnnie.chisholm@sakilacustomer.org,577.0,True,2006-02-14,2022-09-28 10:21:51.262503,1
570,572,1,Sidney,Burleson,sidney.burleson@sakilacustomer.org,578.0,True,2006-02-14,2022-09-28 10:21:51.262503,1
571,573,1,Byron,Box,byron.box@sakilacustomer.org,579.0,True,2006-02-14,2022-09-28 10:21:51.262503,1
572,574,2,Julian,Vest,julian.vest@sakilacustomer.org,580.0,True,2006-02-14,2022-09-28 10:21:51.262503,1
573,575,2,Isaac,Oglesby,isaac.oglesby@sakilacustomer.org,581.0,True,2006-02-14,2022-09-28 10:21:51.262503,1
574,576,2,Morris,Mccarter,morris.mccarter@sakilacustomer.org,582.0,True,2006-02-14,2022-09-28 10:21:51.262503,1
575,577,2,Clifton,Malcolm,clifton.malcolm@sakilacustomer.org,583.0,True,2006-02-14,2022-09-28 10:21:51.262503,1
576,578,2,Willard,Lumpkin,willard.lumpkin@sakilacustomer.org,584.0,True,2006-02-14,2022-09-28 10:21:51.262503,1
577,579,2,Daryl,Larue,daryl.larue@sakilacustomer.org,585.0,True,2006-02-14,2022-09-28 10:21:51.262503,1
578,580,1,Ross,Grey,ross.grey@sakilacustomer.org,586.0,True,2006-02-14,2022-09-28 10:21:51.262503,1
579,581,1,Virgil,Wofford,virgil.wofford@sakilacustomer.org,587.0,True,2006-02-14,2022-09-28 10:21:51.262503,1
580,582,2,Andy,Vanhorn,andy.vanhorn@sakilacustomer.org,588.0,True,2006-02-14,2022-09-28 10:21:51.262503,1
581,583,1,Marshall,Thorn,marshall.thorn@sakilacustomer.org,589.0,True,2006-02-14,2022-09-28 10:21:51.262503,1
582,584,2,Salvador,Teel,salvador.teel@sakilacustomer.org,590.0,True,2006-02-14,2022-09-28 10:21:51.262503,1
583,585,1,Perry,Swafford,perry.swafford@sakilacustomer.org,591.0,True,2006-02-14,2022-09-28 10:21:51.262503,1
584,586,1,Kirk,Stclair,kirk.stclair@sakilacustomer.org,592.0,True,2006-02-14,2022-09-28 10:21:51.262503,1
585,587,1,Sergio,Stanfield,sergio.stanfield@sakilacustomer.org,593.0,True,2006-02-14,2022-09-28 10:21:51.262503,1
586,588,1,Marion,Ocampo,marion.ocampo@sakilacustomer.org,594.0,True,2006-02-14,2022-09-28 10:21:51.262503,1
587,589,1,Tracy,Herrmann,tracy.herrmann@sakilacustomer.org,595.0,True,2006-02-14,2022-09-28 10:21:51.262503,1
588,590,2,Seth,Hannon,seth.hannon@sakilacustomer.org,596.0,True,2006-02-14,2022-09-28 10:21:51.262503,1
589,591,1,Kent,Arsenault,kent.arsenault@sakilacustomer.org,597.0,True,2006-02-14,2022-09-28 10:21:51.262503,1
590,592,1,Terrance,Roush,terrance.roush@sakilacustomer.org,598.0,True,2006-02-14,2022-09-28 10:21:51.262503,0
591,593,2,Rene,Mcalister,rene.mcalister@sakilacustomer.org,599.0,True,2006-02-14,2022-09-28 10:21:51.262503,1
592,594,1,Eduardo,Hiatt,eduardo.hiatt@sakilacustomer.org,600.0,True,2006-02-14,2022-09-28 10:21:51.262503,1
593,595,1,Terrence,Gunderson,terrence.gunderson@sakilacustomer.org,601.0,True,2006-02-14,2022-09-28 10:21:51.262503,1
594,596,1,Enrique,Forsythe,enrique.forsythe@sakilacustomer.org,602.0,True,2006-02-14,2022-09-28 10:21:51.262503,1
595,597,1,Freddie,Duggan,freddie.duggan@sakilacustomer.org,603.0,True,2006-02-14,2022-09-28 10:21:51.262503,1
596,598,1,Wade,Delvalle,wade.delvalle@sakilacustomer.org,604.0,True,2006-02-14,2022-09-28 10:21:51.262503,1
597,599,2,Austin,Cintron,austin.cintron@sakilacustomer.org,605.0,True,2006-02-14,2022-09-28 10:21:51.262503,1
598,524,1,Jared,Ely,jared.ely@sakilacustomer.org,530.0,True,2006-02-14,2022-09-28 10:21:51.262503,1
